Year,Area (ha)
1,310758.55874426913
2,832735.5805204476
