Year,Area (ha)
1,198109.7948657042
2,708156.0656760747
