Year,Area (ha)
1,5614.092388334918
2,11956.959259512658
3,21890.055838491255
4,11551.880193654913
5,7697.191943236749
6,8249.328657104521
7,30759.264284419707
8,6299.646176296209
9,13305.307001428477
10,3782.6537589489476
11,8045.639637609651
12,14610.127518711832
13,6167.531853644156
14,15503.12531561692
15,30330.046000676
16,123412.17292038289
17,9074.813276366653
18,7617.647472869677
19,11428.11880671578
20,7800.032674674715
21,3879.210630492791
