Year,Area (ha)
1,1145707.9737583913
2,1033220.0613666284
