Year,Area (ha)
2000,56.39501486354249
2001,0.7190621203001775
2002,22.085479409219737
2003,3.9034800816295347
2004,9.245084403859424
2005,5.238881162187007
2006,26.708021611149448
2007,28.967931132092865
2008,10.68320864445978
2009,260.40321070870715
2010,468.00671715537266
2011,673.8639298813092
2012,4288.691931790344
2013,3213.2831693014073
2014,4783.406670556867
2015,7752.105995796171
2016,2865.2571030761214
2017,6854.408300181421
