Year,Area (ha)
1,82325.99795947362
2,126013.07785704802
3,75151.5158740151
4,99431.66081296741
5,64641.990098407296
6,75742.19870406267
7,81981.61178430058
8,50868.075740240245
9,101578.82508581421
10,62086.68146219343
11,86580.4010051082
12,83050.17449605245
13,65348.69443918295
14,95279.4088068312
15,140579.6781511274
16,80548.96836087824
17,87544.51370422971
