Year,Area (ha)
1,52346.85189117798
2,128660.11552122854
3,171587.38479867816
4,231883.7026181106
5,219758.3818928981
6,262228.3854143937
7,382434.1038751436
8,315112.7372238324
9,475918.9342551385
10,285476.59794683056
11,367765.27590912813
12,521138.7395398148
13,279387.30781211203
14,466026.37623572076
15,392601.54244871036
16,588149.6681858688
17,248193.30770843182
18,247851.14387395306
19,213533.14581364085
20,158774.67110699875
21,119034.85144462423
